sample_id,model,k,bic
P2_4 Weeks,VVE,13,-35660.819559420044
P2_6 Months,VVE,12,-53284.11502684724
P4_6 Months,VVE,14,-61655.16025624341
P1_6 Months,VVE,14,-63481.75954166948
P1_4 Weeks,VVE,19,-81117.33687119196
P3_4 Weeks,VVE,20,-95254.03215111837
